"initial_alias","converted_alias","name","description","namespace"
"ENSG00000005206","NM_001077238.2","SPPL2B","signal peptide peptidase like 2B [Source:HGNC Symbol;Acc:HGNC:30627]","ARRAYEXPRESS,ENSG"
"ENSG00000005206","NM_152988.3","SPPL2B","signal peptide peptidase like 2B [Source:HGNC Symbol;Acc:HGNC:30627]","ARRAYEXPRESS,ENSG"
"ENSG00000006062","NM_003954.5","MAP3K14","mitogen-activated protein kinase kinase kinase 14 [Source:HGNC Symbol;Acc:HGNC:6853]","ARRAYEXPRESS,ENSG"
"ENSG00000012171","NM_001005914.2","SEMA3B","semaphorin 3B [Source:HGNC Symbol;Acc:HGNC:10724]","ARRAYEXPRESS,ENSG"
"ENSG00000012171","NM_001290060.2","SEMA3B","semaphorin 3B [Source:HGNC Symbol;Acc:HGNC:10724]","ARRAYEXPRESS,ENSG"
"ENSG00000012171","NM_001290061.1","SEMA3B","semaphorin 3B [Source:HGNC Symbol;Acc:HGNC:10724]","ARRAYEXPRESS,ENSG"
"ENSG00000012171","NM_001290062.1","SEMA3B","semaphorin 3B [Source:HGNC Symbol;Acc:HGNC:10724]","ARRAYEXPRESS,ENSG"
"ENSG00000012171","NM_001290063.1","SEMA3B","semaphorin 3B [Source:HGNC Symbol;Acc:HGNC:10724]","ARRAYEXPRESS,ENSG"
"ENSG00000012171","NM_004636.3","SEMA3B","semaphorin 3B [Source:HGNC Symbol;Acc:HGNC:10724]","ARRAYEXPRESS,ENSG"
"ENSG00000088970","NM_001163022.3","KIZ","kizuna centrosomal protein [Source:HGNC Symbol;Acc:HGNC:15865]","ARRAYEXPRESS,ENSG"
"ENSG00000088970","NM_001163023.3","KIZ","kizuna centrosomal protein [Source:HGNC Symbol;Acc:HGNC:15865]","ARRAYEXPRESS,ENSG"
"ENSG00000088970","NM_001276389.2","KIZ","kizuna centrosomal protein [Source:HGNC Symbol;Acc:HGNC:15865]","ARRAYEXPRESS,ENSG"
"ENSG00000088970","NM_001352434.2","KIZ","kizuna centrosomal protein [Source:HGNC Symbol;Acc:HGNC:15865]","ARRAYEXPRESS,ENSG"
"ENSG00000088970","NM_001352435.2","KIZ","kizuna centrosomal protein [Source:HGNC Symbol;Acc:HGNC:15865]","ARRAYEXPRESS,ENSG"
"ENSG00000088970","NM_001352436.2","KIZ","kizuna centrosomal protein [Source:HGNC Symbol;Acc:HGNC:15865]","ARRAYEXPRESS,ENSG"
"ENSG00000088970","NM_018474.6","KIZ","kizuna centrosomal protein [Source:HGNC Symbol;Acc:HGNC:15865]","ARRAYEXPRESS,ENSG"
"ENSG00000099725","None","None","None",""
"ENSG00000101898","None","None","None",""
"ENSG00000102055","NM_025210.2","PPP1R2C","PPP1R2C family member C [Source:HGNC Symbol;Acc:HGNC:16324]","ARRAYEXPRESS,ENSG"
"ENSG00000104691","NM_001282189.1","UBXN8","UBX domain protein 8 [Source:HGNC Symbol;Acc:HGNC:30307]","ARRAYEXPRESS,ENSG"
"ENSG00000104691","NM_001282199.1","UBXN8","UBX domain protein 8 [Source:HGNC Symbol;Acc:HGNC:30307]","ARRAYEXPRESS,ENSG"
"ENSG00000104691","NM_005671.4","UBXN8","UBX domain protein 8 [Source:HGNC Symbol;Acc:HGNC:30307]","ARRAYEXPRESS,ENSG"
"ENSG00000110811","NM_014262.5","P3H3","prolyl 3-hydroxylase 3 [Source:HGNC Symbol;Acc:HGNC:19318]","ARRAYEXPRESS,ENSG"
"ENSG00000118412","NM_001137667.2","CASP8AP2","caspase 8 associated protein 2 [Source:HGNC Symbol;Acc:HGNC:1510]","ARRAYEXPRESS,ENSG"
"ENSG00000118412","NM_001137668.2","CASP8AP2","caspase 8 associated protein 2 [Source:HGNC Symbol;Acc:HGNC:1510]","ARRAYEXPRESS,ENSG"
"ENSG00000118412","NM_012115.4","CASP8AP2","caspase 8 associated protein 2 [Source:HGNC Symbol;Acc:HGNC:1510]","ARRAYEXPRESS,ENSG"
"ENSG00000122432","NM_001310156.2","SPATA1","spermatogenesis associated 1 [Source:HGNC Symbol;Acc:HGNC:14682]","ARRAYEXPRESS,ENSG"
"ENSG00000126005","NM_001355003.2","MMP24OS","MMP24 opposite strand [Source:HGNC Symbol;Acc:HGNC:44421]","ARRAYEXPRESS,ENSG"
"ENSG00000126005","NM_001355004.2","MMP24OS","MMP24 opposite strand [Source:HGNC Symbol;Acc:HGNC:44421]","ARRAYEXPRESS,ENSG"
"ENSG00000135253","NM_001366122.1","KCP","kielin cysteine rich BMP regulator [Source:HGNC Symbol;Acc:HGNC:17585]","ARRAYEXPRESS,ENSG"
"ENSG00000135253","NM_199349.3","KCP","kielin cysteine rich BMP regulator [Source:HGNC Symbol;Acc:HGNC:17585]","ARRAYEXPRESS,ENSG"
"ENSG00000142396","None","None","None",""
"ENSG00000144010","NM_001164464.1","TRIM43B","tripartite motif containing 43B [Source:HGNC Symbol;Acc:HGNC:37146]","ARRAYEXPRESS,ENSG"
"ENSG00000144596","NM_001080423.4","GRIP2","glutamate receptor interacting protein 2 [Source:HGNC Symbol;Acc:HGNC:23841]","ARRAYEXPRESS,ENSG"
"ENSG00000146839","NM_003386.3","ZAN","zonadhesin (gene/pseudogene) [Source:HGNC Symbol;Acc:HGNC:12857]","ARRAYEXPRESS,ENSG"
"ENSG00000146839","NM_173059.3","ZAN","zonadhesin (gene/pseudogene) [Source:HGNC Symbol;Acc:HGNC:12857]","ARRAYEXPRESS,ENSG"
"ENSG00000157152","NM_003178.5","SYN2","synapsin II [Source:HGNC Symbol;Acc:HGNC:11495]","ARRAYEXPRESS,ENSG"
"ENSG00000157152","NM_133625.6","SYN2","synapsin II [Source:HGNC Symbol;Acc:HGNC:11495]","ARRAYEXPRESS,ENSG"
"ENSG00000160336","NM_001008401.4","ZNF761","zinc finger protein 761 [Source:HGNC Symbol;Acc:HGNC:23179]","ARRAYEXPRESS,ENSG"
"ENSG00000160336","NM_001289951.2","ZNF761","zinc finger protein 761 [Source:HGNC Symbol;Acc:HGNC:23179]","ARRAYEXPRESS,ENSG"
"ENSG00000160336","NM_001289952.1","ZNF761","zinc finger protein 761 [Source:HGNC Symbol;Acc:HGNC:23179]","ARRAYEXPRESS,ENSG"
"ENSG00000160336","NM_001289953.1","ZNF761","zinc finger protein 761 [Source:HGNC Symbol;Acc:HGNC:23179]","ARRAYEXPRESS,ENSG"
"ENSG00000160336","NM_001350496.2","ZNF761","zinc finger protein 761 [Source:HGNC Symbol;Acc:HGNC:23179]","ARRAYEXPRESS,ENSG"
"ENSG00000160963","NM_001278563.3","COL26A1","collagen type XXVI alpha 1 chain [Source:HGNC Symbol;Acc:HGNC:18038]","ARRAYEXPRESS,ENSG"
"ENSG00000160963","NM_133457.4","COL26A1","collagen type XXVI alpha 1 chain [Source:HGNC Symbol;Acc:HGNC:18038]","ARRAYEXPRESS,ENSG"
"ENSG00000163121","NM_001285485.2","NEURL3","neuralized E3 ubiquitin protein ligase 3 [Source:HGNC Symbol;Acc:HGNC:25162]","ARRAYEXPRESS,ENSG"
"ENSG00000163121","NM_001285486.2","NEURL3","neuralized E3 ubiquitin protein ligase 3 [Source:HGNC Symbol;Acc:HGNC:25162]","ARRAYEXPRESS,ENSG"
"ENSG00000167117","NM_001358683.2","ANKRD40CL","ANKRD40 C-terminal like [Source:HGNC Symbol;Acc:HGNC:26080]","ARRAYEXPRESS,ENSG"
"ENSG00000167355","NM_001005567.3","OR51B5","olfactory receptor family 51 subfamily B member 5 [Source:HGNC Symbol;Acc:HGNC:19599]","ARRAYEXPRESS,ENSG"
"ENSG00000167984","NM_178844.4","NLRC3","NLR family CARD domain containing 3 [Source:HGNC Symbol;Acc:HGNC:29889]","ARRAYEXPRESS,ENSG"
"ENSG00000169763","None","None","None",""
"ENSG00000170092","NM_001306141.1","SPDYE5","speedy/RINGO cell cycle regulator family member E5 [Source:HGNC Symbol;Acc:HGNC:35464]","ARRAYEXPRESS,ENSG"
"ENSG00000170152","None","None","None",""
"ENSG00000170468","NM_024644.5","RIOX1","ribosomal oxygenase 1 [Source:HGNC Symbol;Acc:HGNC:20968]","ARRAYEXPRESS,ENSG"
"ENSG00000170846","None","None","None",""
"ENSG00000171943","NM_001271872.3","SRGAP2C","SLIT-ROBO Rho GTPase activating protein 2C [Source:HGNC Symbol;Acc:HGNC:30584]","ARRAYEXPRESS,ENSG"
"ENSG00000171943","NM_001329984.2","SRGAP2C","SLIT-ROBO Rho GTPase activating protein 2C [Source:HGNC Symbol;Acc:HGNC:30584]","ARRAYEXPRESS,ENSG"
"ENSG00000173867","None","None","None",""
"ENSG00000175164","NM_020469.3","ABO","ABO, alpha 1-3-N-acetylgalactosaminyltransferase and alpha 1-3-galactosyltransferase [Source:HGNC Symbol;Acc:HGNC:79]","ARRAYEXPRESS,ENSG"
"ENSG00000175513","NM_152762.2","TSGA10IP","testis specific 10 interacting protein [Source:HGNC Symbol;Acc:HGNC:26555]","ARRAYEXPRESS,ENSG"
"ENSG00000175699","NM_001351596.2","CCDC197","coiled-coil domain containing 197 [Source:HGNC Symbol;Acc:HGNC:19860]","ARRAYEXPRESS,ENSG"
"ENSG00000175701","NM_001355251.2","MTLN","mitoregulin [Source:HGNC Symbol;Acc:HGNC:27339]","ARRAYEXPRESS,ENSG"
"ENSG00000177144","NM_001355407.1","NUDT4B","nudix hydrolase 4B [Source:HGNC Symbol;Acc:HGNC:18012]","ARRAYEXPRESS,ENSG"
"ENSG00000177839","NM_019119.5","PCDHB9","protocadherin beta 9 [Source:HGNC Symbol;Acc:HGNC:8694]","ARRAYEXPRESS,ENSG"
"ENSG00000177853","NM_001278524.2","ZNF518A","zinc finger protein 518A [Source:HGNC Symbol;Acc:HGNC:29009]","ARRAYEXPRESS,ENSG"
"ENSG00000177853","NM_001278525.1","ZNF518A","zinc finger protein 518A [Source:HGNC Symbol;Acc:HGNC:29009]","ARRAYEXPRESS,ENSG"
"ENSG00000177853","NM_001278526.2","ZNF518A","zinc finger protein 518A [Source:HGNC Symbol;Acc:HGNC:29009]","ARRAYEXPRESS,ENSG"
"ENSG00000177853","NM_001330732.2","ZNF518A","zinc finger protein 518A [Source:HGNC Symbol;Acc:HGNC:29009]","ARRAYEXPRESS,ENSG"
"ENSG00000177853","NM_001330733.1","ZNF518A","zinc finger protein 518A [Source:HGNC Symbol;Acc:HGNC:29009]","ARRAYEXPRESS,ENSG"
"ENSG00000177853","NM_001330734.1","ZNF518A","zinc finger protein 518A [Source:HGNC Symbol;Acc:HGNC:29009]","ARRAYEXPRESS,ENSG"
"ENSG00000177853","NM_001330735.1","ZNF518A","zinc finger protein 518A [Source:HGNC Symbol;Acc:HGNC:29009]","ARRAYEXPRESS,ENSG"
"ENSG00000177853","NM_001330736.1","ZNF518A","zinc finger protein 518A [Source:HGNC Symbol;Acc:HGNC:29009]","ARRAYEXPRESS,ENSG"
"ENSG00000177853","NM_001330737.1","ZNF518A","zinc finger protein 518A [Source:HGNC Symbol;Acc:HGNC:29009]","ARRAYEXPRESS,ENSG"
"ENSG00000177853","NM_001330738.1","ZNF518A","zinc finger protein 518A [Source:HGNC Symbol;Acc:HGNC:29009]","ARRAYEXPRESS,ENSG"
"ENSG00000177853","NM_014803.4","ZNF518A","zinc finger protein 518A [Source:HGNC Symbol;Acc:HGNC:29009]","ARRAYEXPRESS,ENSG"
"ENSG00000178947","NM_203306.3","SMIM10L2A","small integral membrane protein 10 like 2A [Source:HGNC Symbol;Acc:HGNC:34499]","ARRAYEXPRESS,ENSG"
"ENSG00000179412","NM_001302551.2","HNRNPCL4","heterogeneous nuclear ribonucleoprotein C like 4 [Source:HGNC Symbol;Acc:HGNC:51333]","ARRAYEXPRESS,ENSG"
"ENSG00000179600","NM_145171.4","GPHB5","glycoprotein hormone subunit beta 5 [Source:HGNC Symbol;Acc:HGNC:18055]","ARRAYEXPRESS,ENSG"
"ENSG00000179859","NM_001358699.1","RNF227","ring finger protein 227 [Source:HGNC Symbol;Acc:HGNC:27571]","ARRAYEXPRESS,ENSG"
"ENSG00000180042","None","None","None",""
"ENSG00000181404","NM_182905.5","WASHC1","WASH complex subunit 1 [Source:HGNC Symbol;Acc:HGNC:24361]","ARRAYEXPRESS,ENSG"
"ENSG00000182310","NM_001316972.1","SPACA6","sperm acrosome associated 6 [Source:HGNC Symbol;Acc:HGNC:27113]","ARRAYEXPRESS,ENSG"
"ENSG00000182310","NM_001316994.2","SPACA6","sperm acrosome associated 6 [Source:HGNC Symbol;Acc:HGNC:27113]","ARRAYEXPRESS,ENSG"
"ENSG00000182612","NM_001290212.1","TSPAN10","tetraspanin 10 [Source:HGNC Symbol;Acc:HGNC:29942]","ARRAYEXPRESS,ENSG"
"ENSG00000182612","NM_031945.4","TSPAN10","tetraspanin 10 [Source:HGNC Symbol;Acc:HGNC:29942]","ARRAYEXPRESS,ENSG"
"ENSG00000183185","NM_001105580.2","GABRR3","gamma-aminobutyric acid type A receptor subunit rho3 (gene/pseudogene) [Source:HGNC Symbol;Acc:HGNC:17969]","ARRAYEXPRESS,ENSG"
"ENSG00000183378","NM_198185.6","OVCH2","ovochymase 2 (gene/pseudogene) [Source:HGNC Symbol;Acc:HGNC:29970]","ARRAYEXPRESS,ENSG"
"ENSG00000185040","NM_001351597.1","SPDYE16","speedy/RINGO cell cycle regulator family member E16 [Source:HGNC Symbol;Acc:HGNC:51512]","ARRAYEXPRESS,ENSG"
"ENSG00000186526","NM_007253.4","CYP4F8","cytochrome P450 family 4 subfamily F member 8 [Source:HGNC Symbol;Acc:HGNC:2648]","ARRAYEXPRESS,ENSG"
"ENSG00000186645","NM_001351351.1","SPDYE17","speedy/RINGO cell cycle regulator family member E17 [Source:HGNC Symbol;Acc:HGNC:51513]","ARRAYEXPRESS,ENSG"
"ENSG00000186788","NM_207416.2","SPATA31D3","SPATA31 subfamily D member 3 [Source:HGNC Symbol;Acc:HGNC:38603]","ARRAYEXPRESS,ENSG"
"ENSG00000186886","None","None","None",""
"ENSG00000187791","NM_001309426.2","FAM205C","family with sequence similarity 205 member C [Source:HGNC Symbol;Acc:HGNC:42673]","ARRAYEXPRESS,ENSG"
"ENSG00000187791","NM_001309427.2","FAM205C","family with sequence similarity 205 member C [Source:HGNC Symbol;Acc:HGNC:42673]","ARRAYEXPRESS,ENSG"
"ENSG00000187791","NM_001375894.1","FAM205C","family with sequence similarity 205 member C [Source:HGNC Symbol;Acc:HGNC:42673]","ARRAYEXPRESS,ENSG"
"ENSG00000188070","NM_001144936.2","C11orf95","chromosome 11 open reading frame 95 [Source:HGNC Symbol;Acc:HGNC:28449]","ARRAYEXPRESS,ENSG"
"ENSG00000188338","NM_006841.6","SLC38A3","solute carrier family 38 member 3 [Source:HGNC Symbol;Acc:HGNC:18044]","ARRAYEXPRESS,ENSG"
"ENSG00000188585","None","None","None",""
"ENSG00000188691","NM_001146033.1","OR56A5","olfactory receptor family 56 subfamily A member 5 [Source:HGNC Symbol;Acc:HGNC:14792]","ARRAYEXPRESS,ENSG"
"ENSG00000189077","NM_001317803.2","TMEM120A","transmembrane protein 120A [Source:HGNC Symbol;Acc:HGNC:21697]","ARRAYEXPRESS,ENSG"
"ENSG00000189077","NM_001363462.2","TMEM120A","transmembrane protein 120A [Source:HGNC Symbol;Acc:HGNC:21697]","ARRAYEXPRESS,ENSG"
"ENSG00000189077","NM_031925.3","TMEM120A","transmembrane protein 120A [Source:HGNC Symbol;Acc:HGNC:21697]","ARRAYEXPRESS,ENSG"
"ENSG00000189357","NM_001145197.1","SPATA31D4","SPATA31 subfamily D member 4 [Source:HGNC Symbol;Acc:HGNC:38601]","ARRAYEXPRESS,ENSG"
"ENSG00000189431","NM_001080521.3","RASSF10","Ras association domain family member 10 [Source:HGNC Symbol;Acc:HGNC:33984]","ARRAYEXPRESS,ENSG"
"ENSG00000196289","NM_001290693.1","BECN2","beclin 2 [Source:HGNC Symbol;Acc:HGNC:38606]","ARRAYEXPRESS,ENSG"
"ENSG00000196369","NM_001271870.3","SRGAP2B","SLIT-ROBO Rho GTPase activating protein 2B [Source:HGNC Symbol;Acc:HGNC:35237]","ARRAYEXPRESS,ENSG"
"ENSG00000196369","NM_001330684.1","SRGAP2B","SLIT-ROBO Rho GTPase activating protein 2B [Source:HGNC Symbol;Acc:HGNC:35237]","ARRAYEXPRESS,ENSG"
"ENSG00000196369","NM_001366280.1","SRGAP2B","SLIT-ROBO Rho GTPase activating protein 2B [Source:HGNC Symbol;Acc:HGNC:35237]","ARRAYEXPRESS,ENSG"
"ENSG00000196369","NM_001368324.1","SRGAP2B","SLIT-ROBO Rho GTPase activating protein 2B [Source:HGNC Symbol;Acc:HGNC:35237]","ARRAYEXPRESS,ENSG"
"ENSG00000196421","NM_001348090.1","C20orf204","chromosome 20 open reading frame 204 [Source:HGNC Symbol;Acc:HGNC:27655]","ARRAYEXPRESS,ENSG"
"ENSG00000196553","NM_001351576.1","CCDC196","coiled-coil domain containing 196 [Source:HGNC Symbol;Acc:HGNC:20100]","ARRAYEXPRESS,ENSG"
"ENSG00000196589","NM_001364674.1","MBD3L2B","methyl-CpG binding domain protein 3 like 2B [Source:HGNC Symbol;Acc:HGNC:53435]","ARRAYEXPRESS,ENSG"
"ENSG00000196912","NM_025190.3","ANKRD36B","ankyrin repeat domain 36B [Source:HGNC Symbol;Acc:HGNC:29333]","ARRAYEXPRESS,ENSG"
"ENSG00000196972","NM_001348255.2","SMIM10L2B","small integral membrane protein 10 like 2B [Source:HGNC Symbol;Acc:HGNC:34500]","ARRAYEXPRESS,ENSG"
"ENSG00000197062","NM_001023560.3","ZSCAN26","zinc finger and SCAN domain containing 26 [Source:HGNC Symbol;Acc:HGNC:12978]","ARRAYEXPRESS,ENSG"
"ENSG00000197062","NM_001111039.2","ZSCAN26","zinc finger and SCAN domain containing 26 [Source:HGNC Symbol;Acc:HGNC:12978]","ARRAYEXPRESS,ENSG"
"ENSG00000197062","NM_001287421.1","ZSCAN26","zinc finger and SCAN domain containing 26 [Source:HGNC Symbol;Acc:HGNC:12978]","ARRAYEXPRESS,ENSG"
"ENSG00000197062","NM_001287422.1","ZSCAN26","zinc finger and SCAN domain containing 26 [Source:HGNC Symbol;Acc:HGNC:12978]","ARRAYEXPRESS,ENSG"
"ENSG00000197062","NM_152736.5","ZSCAN26","zinc finger and SCAN domain containing 26 [Source:HGNC Symbol;Acc:HGNC:12978]","ARRAYEXPRESS,ENSG"
"ENSG00000197253","NM_024164.6","TPSB2","tryptase beta 2 (gene/pseudogene) [Source:HGNC Symbol;Acc:HGNC:14120]","ARRAYEXPRESS,ENSG"
"ENSG00000197674","None","None","None",""
"ENSG00000197849","NM_001002905.1","OR8G1","olfactory receptor family 8 subfamily G member 1 (gene/pseudogene) [Source:HGNC Symbol;Acc:HGNC:8484]","ARRAYEXPRESS,ENSG"
"ENSG00000198547","NM_182584.4","C20orf203","chromosome 20 open reading frame 203 [Source:HGNC Symbol;Acc:HGNC:26592]","ARRAYEXPRESS,ENSG"
"ENSG00000198678","None","None","None",""
"ENSG00000203499","None","None","None",""
"ENSG00000204025","NM_001195576.1","TRPC5OS","TRPC5 opposite strand [Source:HGNC Symbol;Acc:HGNC:40593]","ARRAYEXPRESS,ENSG"
"ENSG00000204025","NM_001195577.1","TRPC5OS","TRPC5 opposite strand [Source:HGNC Symbol;Acc:HGNC:40593]","ARRAYEXPRESS,ENSG"
"ENSG00000204025","NM_001195578.2","TRPC5OS","TRPC5 opposite strand [Source:HGNC Symbol;Acc:HGNC:40593]","ARRAYEXPRESS,ENSG"
"ENSG00000204272","NM_001348129.2","NBDY","negative regulator of P-body association [Source:HGNC Symbol;Acc:HGNC:50713]","ARRAYEXPRESS,ENSG"
"ENSG00000204450","NM_001136486.1","TRIM64","tripartite motif containing 64 [Source:HGNC Symbol;Acc:HGNC:14663]","ARRAYEXPRESS,ENSG"
"ENSG00000204505","NM_001010890.2","PRAMEF9","PRAME family member 9 [Source:HGNC Symbol;Acc:HGNC:27996]","ARRAYEXPRESS,ENSG"
"ENSG00000204583","NM_001195520.2","LRCOL1","leucine rich colipase like 1 [Source:HGNC Symbol;Acc:HGNC:44160]","ARRAYEXPRESS,ENSG"
"ENSG00000204805","None","None","None",""
"ENSG00000204815","NM_001350319.2","TTC25","tetratricopeptide repeat domain 25 [Source:HGNC Symbol;Acc:HGNC:25280]","ARRAYEXPRESS,ENSG"
"ENSG00000204815","NM_031421.5","TTC25","tetratricopeptide repeat domain 25 [Source:HGNC Symbol;Acc:HGNC:25280]","ARRAYEXPRESS,ENSG"
"ENSG00000204936","NM_020406.4","CD177","CD177 molecule [Source:HGNC Symbol;Acc:HGNC:30072]","ARRAYEXPRESS,ENSG"
"ENSG00000205704","None","None","None",""
"ENSG00000205903","NM_001278559.2","ZNF316","zinc finger protein 316 [Source:HGNC Symbol;Acc:HGNC:13843]","ARRAYEXPRESS,ENSG"
"ENSG00000206072","NM_001291278.2","SERPINB11","serpin family B member 11 (gene/pseudogene) [Source:HGNC Symbol;Acc:HGNC:14221]","ARRAYEXPRESS,ENSG"
"ENSG00000206072","NM_001291279.2","SERPINB11","serpin family B member 11 (gene/pseudogene) [Source:HGNC Symbol;Acc:HGNC:14221]","ARRAYEXPRESS,ENSG"
"ENSG00000206072","NM_001370475.1","SERPINB11","serpin family B member 11 (gene/pseudogene) [Source:HGNC Symbol;Acc:HGNC:14221]","ARRAYEXPRESS,ENSG"
"ENSG00000206072","NM_080475.4","SERPINB11","serpin family B member 11 (gene/pseudogene) [Source:HGNC Symbol;Acc:HGNC:14221]","ARRAYEXPRESS,ENSG"
"ENSG00000206113","NM_001193282.3","CFAP99","cilia and flagella associated protein 99 [Source:HGNC Symbol;Acc:HGNC:51180]","ARRAYEXPRESS,ENSG"
"ENSG00000206140","NM_001207052.1","TMEM191C","transmembrane protein 191C [Source:HGNC Symbol;Acc:HGNC:33601]","ARRAYEXPRESS,ENSG"
"ENSG00000213793","NM_001310127.1","ZNF888","zinc finger protein 888 [Source:HGNC Symbol;Acc:HGNC:38695]","ARRAYEXPRESS,ENSG"
"ENSG00000214279","None","None","None",""
"ENSG00000214336","NM_001135649.3","FOXI3","forkhead box I3 [Source:HGNC Symbol;Acc:HGNC:35123]","ARRAYEXPRESS,ENSG"
"ENSG00000214534","NM_001278713.1","ZNF705E","zinc finger protein 705E [Source:HGNC Symbol;Acc:HGNC:33203]","ARRAYEXPRESS,ENSG"
"ENSG00000214652","NM_001159522.3","ZNF727","zinc finger protein 727 [Source:HGNC Symbol;Acc:HGNC:22785]","ARRAYEXPRESS,ENSG"
"ENSG00000214654","None","None","None",""
"ENSG00000214897","NM_001351293.2","PNMA6E","PNMA family member 6E [Source:HGNC Symbol;Acc:HGNC:50767]","ARRAYEXPRESS,ENSG"
"ENSG00000214897","NM_001351294.1","PNMA6E","PNMA family member 6E [Source:HGNC Symbol;Acc:HGNC:50767]","ARRAYEXPRESS,ENSG"
"ENSG00000214897","NM_001367770.1","PNMA6E","PNMA family member 6E [Source:HGNC Symbol;Acc:HGNC:50767]","ARRAYEXPRESS,ENSG"
"ENSG00000214943","NM_001197184.3","GPR33","G protein-coupled receptor 33 (gene/pseudogene) [Source:HGNC Symbol;Acc:HGNC:4489]","ARRAYEXPRESS,ENSG"
"ENSG00000215113","NM_001145139.1","CXorf49B","chromosome X open reading frame 49B [Source:HGNC Symbol;Acc:HGNC:34229]","ARRAYEXPRESS,ENSG"
"ENSG00000215115","NM_001145140.1","CXorf49","chromosome X open reading frame 49 [Source:HGNC Symbol;Acc:HGNC:30891]","ARRAYEXPRESS,ENSG"
"ENSG00000215148","NM_001354586.3","PRSS41","serine protease 41 [Source:HGNC Symbol;Acc:HGNC:30715]","ARRAYEXPRESS,ENSG"
"ENSG00000215174","NM_001319967.1","NLRP2B","NLR family pyrin domain containing 2B [Source:HGNC Symbol;Acc:HGNC:29887]","ARRAYEXPRESS,ENSG"
"ENSG00000215817","NM_001355457.2","ZC3H11B","zinc finger CCCH-type containing 11B [Source:HGNC Symbol;Acc:HGNC:25659]","ARRAYEXPRESS,ENSG"
"ENSG00000218305","NM_152627.3","CDC14C","cell division cycle 14C [Source:HGNC Symbol;Acc:HGNC:22427]","ARRAYEXPRESS,ENSG"
"ENSG00000220948","None","None","None",""
"ENSG00000221878","NM_001206650.2","PSG7","pregnancy specific beta-1-glycoprotein 7 (gene/pseudogene) [Source:HGNC Symbol;Acc:HGNC:9524]","ARRAYEXPRESS,ENSG"
"ENSG00000221878","NM_002783.3","PSG7","pregnancy specific beta-1-glycoprotein 7 (gene/pseudogene) [Source:HGNC Symbol;Acc:HGNC:9524]","ARRAYEXPRESS,ENSG"
"ENSG00000223573","None","None","None",""
"ENSG00000223591","NM_001355277.1","CENPVL1","centromere protein V like 1 [Source:HGNC Symbol;Acc:HGNC:31851]","ARRAYEXPRESS,ENSG"
"ENSG00000223614","NM_001159524.1","ZNF735","zinc finger protein 735 [Source:HGNC Symbol;Acc:HGNC:32466]","ARRAYEXPRESS,ENSG"
"ENSG00000223658","NM_001101330.3","C1GALT1C1L","C1GALT1 specific chaperone 1 like [Source:HGNC Symbol;Acc:HGNC:51617]","ARRAYEXPRESS,ENSG"
"ENSG00000224107","NM_001355519.1","ETDB","embryonic testis differentiation homolog B [Source:HGNC Symbol;Acc:HGNC:44269]","ARRAYEXPRESS,ENSG"
"ENSG00000224109","NM_001355276.1","CENPVL3","centromere protein V like 3 [Source:HGNC Symbol;Acc:HGNC:43880]","ARRAYEXPRESS,ENSG"
"ENSG00000224440","NM_001144064.2","CXorf51A","chromosome X open reading frame 51A [Source:HGNC Symbol;Acc:HGNC:30533]","ARRAYEXPRESS,ENSG"
"ENSG00000224578","None","None","None",""
"ENSG00000224960","NM_207319.4","PPP4R3C","protein phosphatase 4 regulatory subunit 3C [Source:HGNC Symbol;Acc:HGNC:33146]","ARRAYEXPRESS,ENSG"
"ENSG00000225110","NM_001354980.2","PNMA6F","PNMA family member 6F [Source:HGNC Symbol;Acc:HGNC:53119]","ARRAYEXPRESS,ENSG"
"ENSG00000225180","NM_001354639.2","PVALEF","parvalbumin like EF-hand containing [Source:HGNC Symbol;Acc:HGNC:40053]","ARRAYEXPRESS,ENSG"
"ENSG00000225327","NM_001256871.1","USP17L3","ubiquitin specific peptidase 17 like family member 3 [Source:HGNC Symbol;Acc:HGNC:37175]","ARRAYEXPRESS,ENSG"
"ENSG00000225396","NM_001348202.1","FAM236D","family with sequence similarity 236 member D [Source:HGNC Symbol;Acc:HGNC:52642]","ARRAYEXPRESS,ENSG"
"ENSG00000225396","NM_001348203.1","FAM236D","family with sequence similarity 236 member D [Source:HGNC Symbol;Acc:HGNC:52642]","ARRAYEXPRESS,ENSG"
"ENSG00000225528","None","None","None",""
"ENSG00000225805","NM_001242853.1","DEFB131B","defensin beta 131B [Source:HGNC Symbol;Acc:HGNC:38058]","ARRAYEXPRESS,ENSG"
"ENSG00000225973","NM_001308421.2","PIGBOS1","PIGB opposite strand 1 [Source:HGNC Symbol;Acc:HGNC:50696]","ARRAYEXPRESS,ENSG"
"ENSG00000225973","NM_001308422.2","PIGBOS1","PIGB opposite strand 1 [Source:HGNC Symbol;Acc:HGNC:50696]","ARRAYEXPRESS,ENSG"
"ENSG00000225973","NM_001308423.2","PIGBOS1","PIGB opposite strand 1 [Source:HGNC Symbol;Acc:HGNC:50696]","ARRAYEXPRESS,ENSG"
"ENSG00000226430","NM_001256869.2","USP17L7","ubiquitin specific peptidase 17 like family member 7 [Source:HGNC Symbol;Acc:HGNC:37180]","ARRAYEXPRESS,ENSG"
"ENSG00000226690","None","None","None",""
"ENSG00000226792","NM_001351589.1","C13orf42","chromosome 13 open reading frame 42 [Source:HGNC Symbol;Acc:HGNC:42693]","ARRAYEXPRESS,ENSG"
"ENSG00000227877","NM_001304731.2","MRLN","myoregulin [Source:HGNC Symbol;Acc:HGNC:48649]","ARRAYEXPRESS,ENSG"
"ENSG00000227877","NM_001304732.2","MRLN","myoregulin [Source:HGNC Symbol;Acc:HGNC:48649]","ARRAYEXPRESS,ENSG"
"ENSG00000228486","NM_001351368.1","C2orf92","chromosome 2 open reading frame 92 [Source:HGNC Symbol;Acc:HGNC:49272]","ARRAYEXPRESS,ENSG"
"ENSG00000229637","NM_001282275.2","PRAC2","PRAC2 small nuclear protein [Source:HGNC Symbol;Acc:HGNC:30143]","ARRAYEXPRESS,ENSG"
"ENSG00000229637","NM_001282276.1","PRAC2","PRAC2 small nuclear protein [Source:HGNC Symbol;Acc:HGNC:30143]","ARRAYEXPRESS,ENSG"
"ENSG00000229674","None","None","None",""
"ENSG00000229894","None","None","None",""
"ENSG00000230054","NM_001354645.2","TEX53","testis expressed 53 [Source:HGNC Symbol;Acc:HGNC:53655]","ARRAYEXPRESS,ENSG"
"ENSG00000230124","NM_032360.4","ACBD6","acyl-CoA binding domain containing 6 [Source:HGNC Symbol;Acc:HGNC:23339]","ARRAYEXPRESS,ENSG"
"ENSG00000230268","None","None","None",""
"ENSG00000230358","None","None","None",""
"ENSG00000230549","NM_001256873.1","USP17L1","ubiquitin specific peptidase 17 like family member 1 [Source:HGNC Symbol;Acc:HGNC:37182]","ARRAYEXPRESS,ENSG"
"ENSG00000230561","NM_001317938.1","CCDC192","coiled-coil domain containing 192 [Source:HGNC Symbol;Acc:HGNC:49566]","ARRAYEXPRESS,ENSG"
"ENSG00000230601","NM_001199233.2","TEX48","testis expressed 48 [Source:HGNC Symbol;Acc:HGNC:52393]","ARRAYEXPRESS,ENSG"
"ENSG00000230601","NM_001371884.1","TEX48","testis expressed 48 [Source:HGNC Symbol;Acc:HGNC:52393]","ARRAYEXPRESS,ENSG"
"ENSG00000230626","None","None","None",""
"ENSG00000230667","NM_001287737.1","SETSIP","SET like protein [Source:HGNC Symbol;Acc:HGNC:42937]","ARRAYEXPRESS,ENSG"
"ENSG00000231767","None","None","None",""
"ENSG00000231989","NM_206858.3","PPP1R2B","PPP1R2 family member B [Source:HGNC Symbol;Acc:HGNC:16318]","ARRAYEXPRESS,ENSG"
"ENSG00000232030","None","None","None",""
"ENSG00000232113","NM_001195190.3","TEX50","testis expressed 50 [Source:HGNC Symbol;Acc:HGNC:52382]","ARRAYEXPRESS,ENSG"
"ENSG00000232388","NM_001348957.2","SMIM26","small integral membrane protein 26 [Source:HGNC Symbol;Acc:HGNC:43430]","ARRAYEXPRESS,ENSG"
"ENSG00000232388","NM_001348958.1","SMIM26","small integral membrane protein 26 [Source:HGNC Symbol;Acc:HGNC:43430]","ARRAYEXPRESS,ENSG"
"ENSG00000232593","None","None","None",""
"ENSG00000233087","NM_001077637.2","RAB6D","RAB6D, member RAS oncogene family [Source:HGNC Symbol;Acc:HGNC:30272]","ARRAYEXPRESS,ENSG"
"ENSG00000233757","None","None","None",""
"ENSG00000233802","NM_001105522.1","TRIM49D2","tripartite motif containing 49D2 [Source:HGNC Symbol;Acc:HGNC:37217]","ARRAYEXPRESS,ENSG"
"ENSG00000233954","NM_001089591.1","UQCRHL","ubiquinol-cytochrome c reductase hinge protein like [Source:HGNC Symbol;Acc:HGNC:51714]","ARRAYEXPRESS,ENSG"
"ENSG00000234186","NM_001145545.2","C16orf82","chromosome 16 open reading frame 82 [Source:HGNC Symbol;Acc:HGNC:30755]","ARRAYEXPRESS,ENSG"
"ENSG00000234289","NM_017445.3","H2BS1","H2B.S histone 1 [Source:HGNC Symbol;Acc:HGNC:4762]","ARRAYEXPRESS,ENSG"
"ENSG00000234616","NM_001077527.3","JRK","Jrk helix-turn-helix protein [Source:HGNC Symbol;Acc:HGNC:6199]","ARRAYEXPRESS,ENSG"
"ENSG00000234616","NM_001279352.2","JRK","Jrk helix-turn-helix protein [Source:HGNC Symbol;Acc:HGNC:6199]","ARRAYEXPRESS,ENSG"
"ENSG00000234616","NM_003724.4","JRK","Jrk helix-turn-helix protein [Source:HGNC Symbol;Acc:HGNC:6199]","ARRAYEXPRESS,ENSG"
"ENSG00000234828","NM_001363507.2","IQCM","IQ motif containing M [Source:HGNC Symbol;Acc:HGNC:53443]","ARRAYEXPRESS,ENSG"
"ENSG00000234828","NM_001363509.2","IQCM","IQ motif containing M [Source:HGNC Symbol;Acc:HGNC:53443]","ARRAYEXPRESS,ENSG"
"ENSG00000235106","NM_001355256.2","BRD3OS","BRD3 opposite strand [Source:HGNC Symbol;Acc:HGNC:24742]","ARRAYEXPRESS,ENSG"
"ENSG00000235118","NM_001102659.2","FAM237A","family with sequence similarity 237 member A [Source:HGNC Symbol;Acc:HGNC:52388]","ARRAYEXPRESS,ENSG"
"ENSG00000235272","None","None","None",""
"ENSG00000235387","NM_001348107.3","SPAAR","small regulatory polypeptide of amino acid response [Source:HGNC Symbol;Acc:HGNC:27244]","ARRAYEXPRESS,ENSG"
"ENSG00000235453","NM_001349118.1","SMIM27","small integral membrane protein 27 [Source:HGNC Symbol;Acc:HGNC:31420]","ARRAYEXPRESS,ENSG"
"ENSG00000235453","NM_001349119.2","SMIM27","small integral membrane protein 27 [Source:HGNC Symbol;Acc:HGNC:31420]","ARRAYEXPRESS,ENSG"
"ENSG00000235699","NM_001244892.2","CXorf51B","chromosome X open reading frame 51B [Source:HGNC Symbol;Acc:HGNC:42787]","ARRAYEXPRESS,ENSG"
"ENSG00000235710","NM_001256615.1","AL109810.2","uncharacterized LOC149373 [Source:NCBI gene;Acc:149373]","ARRAYEXPRESS,ENSG"
"ENSG00000236125","NM_001256874.1","USP17L4","ubiquitin specific peptidase 17 like family member 4 [Source:HGNC Symbol;Acc:HGNC:37176]","ARRAYEXPRESS,ENSG"
"ENSG00000236383","NM_001363254.1","CCDC200","coiled-coil domain containing 200 [Source:HGNC Symbol;Acc:HGNC:43658]","ARRAYEXPRESS,ENSG"
"ENSG00000236396","NM_001282300.1","SLC35G4","solute carrier family 35 member G4 [Source:HGNC Symbol;Acc:HGNC:31043]","ARRAYEXPRESS,ENSG"
"ENSG00000236444","NM_001355247.2","UBE2L5","ubiquitin conjugating enzyme E2 L5 [Source:HGNC Symbol;Acc:HGNC:13477]","ARRAYEXPRESS,ENSG"
"ENSG00000236543","NM_001375657.2","AL354761.1","lipocalin 1-like [Source:NCBI gene;Acc:102723971]","ARRAYEXPRESS,ENSG"
"ENSG00000236782","None","None","None",""
"ENSG00000237038","NM_001256872.1","USP17L8","ubiquitin specific peptidase 17 like family member 8 [Source:HGNC Symbol;Acc:HGNC:37181]","ARRAYEXPRESS,ENSG"
"ENSG00000237110","NM_175057.3","TAAR9","trace amine associated receptor 9 (gene/pseudogene) [Source:HGNC Symbol;Acc:HGNC:20977]","ARRAYEXPRESS,ENSG"
"ENSG00000237378","None","None","None",""
"ENSG00000237489","NM_001355042.2","C10orf143","chromosome 10 open reading frame 143 [Source:HGNC Symbol;Acc:HGNC:48677]","ARRAYEXPRESS,ENSG"
"ENSG00000237700","NM_001291381.1","PRAMEF33","PRAME family member 33 [Source:HGNC Symbol;Acc:HGNC:49193]","ARRAYEXPRESS,ENSG"
"ENSG00000237988","None","None","None",""
"ENSG00000238205","NM_001195522.2","MPC1L","mitochondrial pyruvate carrier 1 like [Source:HGNC Symbol;Acc:HGNC:44205]","ARRAYEXPRESS,ENSG"
"ENSG00000238210","NM_001355522.1","ETDA","embryonic testis differentiation homolog A [Source:HGNC Symbol;Acc:HGNC:53449]","ARRAYEXPRESS,ENSG"
"ENSG00000239395","None","None","None",""
"ENSG00000239521","NM_178831.6","CASTOR3","CASTOR family member 3 [Source:HGNC Symbol;Acc:HGNC:29954]","ARRAYEXPRESS,ENSG"
"ENSG00000239620","NM_001362810.2","PRR20G","proline rich 20G [Source:HGNC Symbol;Acc:HGNC:53837]","ARRAYEXPRESS,ENSG"
"ENSG00000239642","NM_001303622.2","MEIKIN","meiotic kinetochore factor [Source:HGNC Symbol;Acc:HGNC:51253]","ARRAYEXPRESS,ENSG"
"ENSG00000239920","None","None","None",""
"ENSG00000240045","NM_001352129.2","STRIT1","small transmembrane regulator of ion transport 1 [Source:HGNC Symbol;Acc:HGNC:52297]","ARRAYEXPRESS,ENSG"
"ENSG00000240445","NM_001368134.1","FOXO3B","forkhead box O3B [Source:HGNC Symbol;Acc:HGNC:3822]","ARRAYEXPRESS,ENSG"
"ENSG00000240445","NM_001368135.1","FOXO3B","forkhead box O3B [Source:HGNC Symbol;Acc:HGNC:3822]","ARRAYEXPRESS,ENSG"
"ENSG00000241149","None","None","None",""
"ENSG00000241224","NM_001351622.2","C3orf85","chromosome 3 open reading frame 85 [Source:HGNC Symbol;Acc:HGNC:53432]","ARRAYEXPRESS,ENSG"
"ENSG00000242120","NM_001364676.1","MDFIC2","MyoD family inhibitor domain containing 2 [Source:HGNC Symbol;Acc:HGNC:53442]","ARRAYEXPRESS,ENSG"
"ENSG00000242120","NM_001364677.1","MDFIC2","MyoD family inhibitor domain containing 2 [Source:HGNC Symbol;Acc:HGNC:53442]","ARRAYEXPRESS,ENSG"
"ENSG00000243910","NM_001355221.1","TUBA4B","tubulin alpha 4b [Source:HGNC Symbol;Acc:HGNC:18637]","ARRAYEXPRESS,ENSG"
"ENSG00000244219","NM_001195541.3","TMEM225B","transmembrane protein 225B [Source:HGNC Symbol;Acc:HGNC:53075]","ARRAYEXPRESS,ENSG"
"ENSG00000244219","NM_001195542.3","TMEM225B","transmembrane protein 225B [Source:HGNC Symbol;Acc:HGNC:53075]","ARRAYEXPRESS,ENSG"
"ENSG00000244219","NM_001195543.3","TMEM225B","transmembrane protein 225B [Source:HGNC Symbol;Acc:HGNC:53075]","ARRAYEXPRESS,ENSG"
"ENSG00000244234","NM_001358008.2","GMCL2","germ cell-less 2, spermatogenesis associated [Source:HGNC Symbol;Acc:HGNC:19717]","ARRAYEXPRESS,ENSG"
"ENSG00000247315","NM_033089.7","ZCCHC3","zinc finger CCHC-type containing 3 [Source:HGNC Symbol;Acc:HGNC:16230]","ARRAYEXPRESS,ENSG"
"ENSG00000247595","NM_001355570.3","SPTY2D1OS","SPTY2D1 opposite strand [Source:HGNC Symbol;Acc:HGNC:44122]","ARRAYEXPRESS,ENSG"
"ENSG00000248109","NM_001363511.2","MARCOL","MARCO like [Source:HGNC Symbol;Acc:HGNC:53644]","ARRAYEXPRESS,ENSG"
"ENSG00000248144","NM_000669.5","ADH1C","alcohol dehydrogenase 1C (class I), gamma polypeptide [Source:HGNC Symbol;Acc:HGNC:251]","ARRAYEXPRESS,ENSG"
"ENSG00000248329","NM_001297550.2","APELA","apelin receptor early endogenous ligand [Source:HGNC Symbol;Acc:HGNC:48925]","ARRAYEXPRESS,ENSG"
"ENSG00000248746","NM_001104.4","ACTN3","actinin alpha 3 (gene/pseudogene) [Source:HGNC Symbol;Acc:HGNC:165]","ARRAYEXPRESS,ENSG"
"ENSG00000248746","NM_001258371.2","ACTN3","actinin alpha 3 (gene/pseudogene) [Source:HGNC Symbol;Acc:HGNC:165]","ARRAYEXPRESS,ENSG"
"ENSG00000248767","NM_001374838.1","FOXL3","forkhead box L3 [Source:HGNC Symbol;Acc:HGNC:54201]","ARRAYEXPRESS,ENSG"
"ENSG00000248771","NM_001352885.1","SMIM31","small integral membrane protein 31 [Source:HGNC Symbol;Acc:HGNC:49638]","ARRAYEXPRESS,ENSG"
"ENSG00000249156","None","None","None",""
"ENSG00000249662","None","None","None",""
"ENSG00000249715","NM_001293083.2","FER1L5","fer-1 like family member 5 [Source:HGNC Symbol;Acc:HGNC:19044]","ARRAYEXPRESS,ENSG"
"ENSG00000250298","NM_001195138.1","GIMD1","GIMAP family P-loop NTPase domain containing 1 [Source:HGNC Symbol;Acc:HGNC:44141]","ARRAYEXPRESS,ENSG"
"ENSG00000250312","NM_001039127.6","ZNF718","zinc finger protein 718 [Source:HGNC Symbol;Acc:HGNC:26889]","ARRAYEXPRESS,ENSG"
"ENSG00000250312","NM_001289930.1","ZNF718","zinc finger protein 718 [Source:HGNC Symbol;Acc:HGNC:26889]","ARRAYEXPRESS,ENSG"
"ENSG00000250312","NM_001289931.1","ZNF718","zinc finger protein 718 [Source:HGNC Symbol;Acc:HGNC:26889]","ARRAYEXPRESS,ENSG"
"ENSG00000250366","None","None","None",""
"ENSG00000250374","None","None","None",""
"ENSG00000250719","NM_001328655.2","P3R3URF","PIK3R3 upstream reading frame [Source:HGNC Symbol;Acc:HGNC:53451]","ARRAYEXPRESS,ENSG"
"ENSG00000250782","None","None","None",""
"ENSG00000250803","NM_001195535.1","AC010255.3","zinc finger protein 474-like [Source:NCBI gene;Acc:100505841]","ARRAYEXPRESS,ENSG"
"ENSG00000250821","NM_001351574.2","EXOC1L","exocyst complex component 1 like [Source:HGNC Symbol;Acc:HGNC:53433]","ARRAYEXPRESS,ENSG"
"ENSG00000250821","NM_001351575.2","EXOC1L","exocyst complex component 1 like [Source:HGNC Symbol;Acc:HGNC:53433]","ARRAYEXPRESS,ENSG"
"ENSG00000251287","NM_001136152.1","ALG1L2","ALG1 chitobiosyldiphosphodolichol beta-mannosyltransferase like 2 [Source:HGNC Symbol;Acc:HGNC:37258]","ARRAYEXPRESS,ENSG"
"ENSG00000253352","None","None","None",""
"ENSG00000253649","None","None","None",""
"ENSG00000254126","NM_001349727.2","CD8B2","CD8b2 molecule [Source:HGNC Symbol;Acc:HGNC:1708]","ARRAYEXPRESS,ENSG"
"ENSG00000254126","NM_001368307.2","CD8B2","CD8b2 molecule [Source:HGNC Symbol;Acc:HGNC:1708]","ARRAYEXPRESS,ENSG"
"ENSG00000255009","NM_001143975.1","UBTFL1","upstream binding transcription factor like 1 [Source:HGNC Symbol;Acc:HGNC:14533]","ARRAYEXPRESS,ENSG"
"ENSG00000255071","NM_001199744.2","SAA2-SAA4","SAA2-SAA4 readthrough [Source:HGNC Symbol;Acc:HGNC:39550]","ARRAYEXPRESS,ENSG"
"ENSG00000255151","NM_001355566.1","GLYATL1B","glycine-N-acyltransferase like 1B [Source:HGNC Symbol;Acc:HGNC:37865]","ARRAYEXPRESS,ENSG"
"ENSG00000255192","NM_001355281.2","NANOGP8","Nanog homeobox retrogene P8 [Source:HGNC Symbol;Acc:HGNC:23106]","ARRAYEXPRESS,ENSG"
"ENSG00000255274","None","None","None",""
"ENSG00000255393","NM_001368161.2","OOSP4B","oocyte secreted protein family member 4B [Source:HGNC Symbol;Acc:HGNC:53905]","ARRAYEXPRESS,ENSG"
"ENSG00000255690","NM_014817.4","TRIL","TLR4 interactor with leucine rich repeats [Source:HGNC Symbol;Acc:HGNC:22200]","ARRAYEXPRESS,ENSG"
"ENSG00000255855","None","None","None",""
"ENSG00000256514","None","None","None",""
"ENSG00000256537","NM_001271592.2","SMIM10L1","small integral membrane protein 10 like 1 [Source:HGNC Symbol;Acc:HGNC:49847]","ARRAYEXPRESS,ENSG"
"ENSG00000256806","NM_001105520.2","C17orf100","chromosome 17 open reading frame 100 [Source:HGNC Symbol;Acc:HGNC:34494]","ARRAYEXPRESS,ENSG"
"ENSG00000257057","NM_001190462.2","C11orf97","chromosome 11 open reading frame 97 [Source:HGNC Symbol;Acc:HGNC:49544]","ARRAYEXPRESS,ENSG"
"ENSG00000257524","None","None","None",""
"ENSG00000258102","NM_001085481.3","MAP1LC3B2","microtubule associated protein 1 light chain 3 beta 2 [Source:HGNC Symbol;Acc:HGNC:34390]","ARRAYEXPRESS,ENSG"
"ENSG00000258453","NM_001197287.1","OR11H2","olfactory receptor family 11 subfamily H member 2 [Source:HGNC Symbol;Acc:HGNC:14716]","ARRAYEXPRESS,ENSG"
"ENSG00000258461","None","None","None",""
"ENSG00000258644","NM_001202547.2","SYNJ2BP-COX16","SYNJ2BP-COX16 readthrough [Source:HGNC Symbol;Acc:HGNC:48350]","ARRAYEXPRESS,ENSG"
"ENSG00000258644","NM_001202548.2","SYNJ2BP-COX16","SYNJ2BP-COX16 readthrough [Source:HGNC Symbol;Acc:HGNC:48350]","ARRAYEXPRESS,ENSG"
"ENSG00000258644","NM_001202549.2","SYNJ2BP-COX16","SYNJ2BP-COX16 readthrough [Source:HGNC Symbol;Acc:HGNC:48350]","ARRAYEXPRESS,ENSG"
"ENSG00000259330","NM_001301268.2","INAFM2","InaF motif containing 2 [Source:HGNC Symbol;Acc:HGNC:35165]","ARRAYEXPRESS,ENSG"
"ENSG00000259417","NM_001352888.2","CTXND1","cortexin domain containing 1 [Source:HGNC Symbol;Acc:HGNC:50507]","ARRAYEXPRESS,ENSG"
"ENSG00000260097","NM_001146210.4","SPDYE6","speedy/RINGO cell cycle regulator family member E6 [Source:HGNC Symbol;Acc:HGNC:35465]","ARRAYEXPRESS,ENSG"
"ENSG00000260643","None","None","None",""
"ENSG00000260691","NM_032250.4","ANKRD20A1","ankyrin repeat domain 20 family member A1 [Source:HGNC Symbol;Acc:HGNC:23665]","ARRAYEXPRESS,ENSG"
"ENSG00000260729","None","None","None",""
"ENSG00000260734","NM_001367365.2","TLE7","TLE family member 7 [Source:HGNC Symbol;Acc:HGNC:53648]","ARRAYEXPRESS,ENSG"
"ENSG00000260802","NM_001354473.2","SERTM2","serine rich and transmembrane domain containing 2 [Source:HGNC Symbol;Acc:HGNC:48576]","ARRAYEXPRESS,ENSG"
"ENSG00000261308","NM_001013690.4","FIGNL2","fidgetin like 2 [Source:HGNC Symbol;Acc:HGNC:13287]","ARRAYEXPRESS,ENSG"
"ENSG00000261341","None","None","None",""
"ENSG00000261408","None","None","None",""
"ENSG00000261582","None","None","None",""
"ENSG00000261649","NM_001365371.1","GOLGA6L7","golgin A6 family like 7 [Source:HGNC Symbol;Acc:HGNC:37442]","ARRAYEXPRESS,ENSG"
"ENSG00000261793","None","None","None",""
"ENSG00000261873","None","None","None",""
"ENSG00000262152","None","None","None",""
"ENSG00000262165","None","None","None",""
"ENSG00000262179","NM_001315494.2","MYMX","myomixer, myoblast fusion factor [Source:HGNC Symbol;Acc:HGNC:52391]","ARRAYEXPRESS,ENSG"
"ENSG00000262179","NM_001347931.2","MYMX","myomixer, myoblast fusion factor [Source:HGNC Symbol;Acc:HGNC:52391]","ARRAYEXPRESS,ENSG"
"ENSG00000262461","None","None","None",""
"ENSG00000263201","NM_001282442.2","DPEP2NB","DPEP2 neighbor [Source:HGNC Symbol;Acc:HGNC:52385]","ARRAYEXPRESS,ENSG"
"ENSG00000263429","None","None","None",""
"ENSG00000263465","NM_032102.3","SRSF8","serine and arginine rich splicing factor 8 [Source:HGNC Symbol;Acc:HGNC:16988]","ARRAYEXPRESS,ENSG"
"ENSG00000263715","NM_001256299.3","LINC02210-CRHR1","LINC02210-CRHR1 readthrough [Source:HGNC Symbol;Acc:HGNC:51483]","ARRAYEXPRESS,ENSG"
"ENSG00000263715","NM_001303018.2","LINC02210-CRHR1","LINC02210-CRHR1 readthrough [Source:HGNC Symbol;Acc:HGNC:51483]","ARRAYEXPRESS,ENSG"
"ENSG00000263874","None","None","None",""
"ENSG00000264006","None","None","None",""
"ENSG00000266826","None","None","None",""
"ENSG00000267221","NM_001358661.2","C17orf113","chromosome 17 open reading frame 113 [Source:HGNC Symbol;Acc:HGNC:53437]","ARRAYEXPRESS,ENSG"
"ENSG00000268041","NM_001365103.2","ERFL","ETS repressor factor like [Source:HGNC Symbol;Acc:HGNC:53894]","ARRAYEXPRESS,ENSG"
"ENSG00000268480","None","None","None",""
"ENSG00000268655","None","None","None",""
"ENSG00000268696","NM_001349726.2","ZNF723","zinc finger protein 723 [Source:HGNC Symbol;Acc:HGNC:32286]","ARRAYEXPRESS,ENSG"
"ENSG00000268799","NM_001371919.1","H3Y2","H3.Y histone 2 [Source:HGNC Symbol;Acc:HGNC:43734]","ARRAYEXPRESS,ENSG"
"ENSG00000268902","None","None","None",""
"ENSG00000268994","NM_001348072.1","FAM236B","family with sequence similarity 236 member B [Source:HGNC Symbol;Acc:HGNC:52640]","ARRAYEXPRESS,ENSG"
"ENSG00000268994","NM_001348073.1","FAM236B","family with sequence similarity 236 member B [Source:HGNC Symbol;Acc:HGNC:52640]","ARRAYEXPRESS,ENSG"
"ENSG00000269466","NM_001355258.2","H3Y1","H3.Y histone 1 [Source:HGNC Symbol;Acc:HGNC:43735]","ARRAYEXPRESS,ENSG"
"ENSG00000269720","None","None","None",""
"ENSG00000270170","NM_001355243.2","NCBP2AS2","NCBP2 antisense 2 (head to head) [Source:HGNC Symbol;Acc:HGNC:25121]","ARRAYEXPRESS,ENSG"
"ENSG00000270601","NM_001013407.3","PRAMEF5","PRAME family member 5 [Source:HGNC Symbol;Acc:HGNC:27995]","ARRAYEXPRESS,ENSG"
"ENSG00000271824","NM_001350994.2","SMIM32","small integral membrane protein 32 [Source:HGNC Symbol;Acc:HGNC:53640]","ARRAYEXPRESS,ENSG"
"ENSG00000272899","NM_001195150.3","ATP6V1FNB","ATP6V1F neighbor [Source:HGNC Symbol;Acc:HGNC:52392]","ARRAYEXPRESS,ENSG"
"ENSG00000273213","NM_001355409.3","H3-2","H3.2 histone (putative) [Source:HGNC Symbol;Acc:HGNC:32060]","ARRAYEXPRESS,ENSG"
"ENSG00000273213","NM_001372105.1","H3-2","H3.2 histone (putative) [Source:HGNC Symbol;Acc:HGNC:32060]","ARRAYEXPRESS,ENSG"
"ENSG00000273238","NM_001362796.2","TMEM271","transmembrane protein 271 [Source:HGNC Symbol;Acc:HGNC:53639]","ARRAYEXPRESS,ENSG"